<?xml version="1.0" encoding="UTF-8"?>
<Configuration status="WARN" monitorInterval="30">
    <Properties>
        <Property name="LOG_PATTERN">%d{yyyy-MM-dd HH:mm:ss} %-5p %c{1}:%L - %m%n</Property>
         <Property name="LOG_File_PATTERN"> %d{yyyy-MM-dd HH:mm:ss.SSS} %5p ${hostName} --- [%15.15t] %-40.40c{1.} : %m%n%ex</Property>
        <Property name="APP_LOG_ROOT">D:/Log</Property>
    </Properties>
    <Appenders>
        <Console name="ConsoleAppender" target="SYSTEM_OUT" follow="true">
            <PatternLayout pattern="${LOG_File_PATTERN}" />
        </Console>
 
        <RollingFile name="FileAppender"
            fileName="${APP_LOG_ROOT}/Wallet_System.log"
            filePattern="${APP_LOG_ROOT}/Wallet_System-%d{yyyy-MM-dd}-%i.log">
            <PatternLayout pattern="${LOG_PATTERN}" />
            <Policies>
                <SizeBasedTriggeringPolicy size="100MB" />
                <TimeBasedTriggeringPolicy interval="1" modulate="true" />
                
            </Policies>
           <DefaultRolloverStrategy max="70" />
        </RollingFile>
 
    </Appenders>
    <Loggers>
         <Logger name="com.user.wallet" level="INFO" additivity="false">
            <AppenderRef ref="FileAppender" />
        </Logger>
 
        <Root level="INFO">
            <AppenderRef ref="ConsoleAppender" />
        </Root>
    </Loggers>
</Configuration>